index,word,score,data_frequency
0,ABBAS,9,1437558
1,ABBEY,12,4224864
2,ABIDE,8,3722809
3,ABORT,7,1569892
4,ABOUT,7,1226734006
5,ABOVE,10,141894620
6,ABUSE,7,36269685
7,ACIDS,8,8793940
8,ACORN,7,1825652
9,ACRES,7,14208905
10,ACTED,8,4468180
11,ACTOR,7,16282891
12,ACUTE,7,11128841
13,ADAPT,8,4675567
14,ADDED,8,118410414
15,ADEPT,8,1595303
16,ADMIN,8,37835381
17,ADMIT,8,8780656
18,ADOBE,8,27538755
19,ADOPT,8,11272339
20,ADULT,6,97583096
21,AFTER,8,372948094
22,AGAIN,6,150781416
23,AGENT,6,57103658
24,AGILE,6,1808955
25,AGING,7,12014007
26,AGONY,9,1543205
27,AGREE,6,47500911
28,AHEAD,9,28375319
29,AIDED,7,3314916
30,AIDES,6,1614522
31,AIMED,8,10030370
32,AIRED,6,2159611
33,AISLE,5,1917319
34,ALAMO,7,2162395
35,ALARM,7,17059844
36,ALBUM,9,77914316
37,ALERT,5,32472727
38,ALGAE,6,2068644
39,ALIAS,5,7132147
40,ALIEN,5,10490554
41,ALIGN,6,5478643
42,ALIKE,9,6220739
43,ALIVE,8,16064787
44,ALLEY,8,4541475
45,ALLOW,8,67052567
46,ALLOY,8,5468839
47,ALOHA,8,2099181
48,ALONE,5,39326417
49,ALONG,6,83444756
50,ALOUD,6,3743858
51,ALPHA,10,27832836
52,ALTAR,5,2627835
53,ALTER,5,7831337
54,AMBER,9,11065507
55,AMEND,8,7806844
56,AMIGA,8,2201683
57,AMINO,7,8273641
58,AMONG,8,83431590
59,AMPLE,9,3187842
60,ANGEL,6,25294123
61,ANGER,6,7991036
62,ANGLE,6,17016075
63,ANGLO,6,2798286
64,ANGRY,9,9267505
65,ANIME,7,31334688
66,ANKLE,9,4146793
67,ANNEX,12,8465905
68,ANNOY,8,1497815
69,APART,7,16507181
70,APPLE,9,50551171
71,APPLY,12,76341478
72,APRON,7,1617357
73,ARBOR,7,5057261
74,AREAS,5,121986327
75,ARENA,5,13966572
76,ARGUE,6,8353605
77,ARGUS,6,2172332
78,ARIEL,5,2731662
79,ARISE,5,8337093
80,ARMED,8,13866785
81,ARMOR,7,6001844
82,AROMA,7,2018777
83,AROSE,5,2609029
84,ARRAY,8,25150016
85,ARROW,8,11563142
86,ASHES,8,3011008
87,ASIDE,6,11768649
88,ASKED,10,75532722
89,ASPEN,7,4626441
90,ASSAY,8,3855224
91,ASSES,5,4583177
92,ASSET,5,18178753
93,ATLAS,5,12221120
94,ATOMS,7,4375988
95,ATTIC,7,3347389
96,AUDIO,6,127014703
97,AUDIT,6,20786243
98,AUTOS,5,9798008
99,AVAIL,8,3902711
100,AVANT,8,2710283
101,AVIAN,8,2877167
102,AVOID,9,36508203
103,AWAIT,8,1745587
104,AWAKE,12,3230337
105,AWARD,9,59652161
106,AWARE,8,25700328
107,AWFUL,11,5217370
108,AXIAL,12,1685087
109,AXIOM,14,1495473
110,BABES,9,27016030
111,BACKS,13,4797208
112,BACON,9,5385205
113,BADGE,9,6145138
114,BADLY,11,5290145
115,BAKED,12,4716100
116,BAKER,11,14862470
117,BALLS,7,13683840
118,BANDS,8,20842378
119,BANJO,14,1940675
120,BANKS,11,30582183
121,BARON,7,3504549
122,BARRE,7,1839524
123,BARRY,10,12921548
124,BASAL,7,1821739
125,BASED,8,252405204
126,BASES,7,8663363
127,BASIC,9,84840226
128,BASIL,7,2757419
129,BASIN,7,10544774
130,BASIS,7,59901425
131,BATCH,12,7835050
132,BATES,7,3503755
133,BATHS,10,5707960
134,BATON,7,4229776
135,BAYER,10,1825243
136,BEACH,12,105642682
137,BEADS,8,10825324
138,BEAMS,9,3032813
139,BEANS,7,7607524
140,BEARD,8,3166516
141,BEARS,7,22926868
142,BEAST,7,14787561
143,BEATS,7,6367861
144,BEECH,12,2327119
145,BEERS,7,2633610
146,BEGAN,8,38269468
147,BEGIN,8,45434902
148,BEGUN,8,8636352
149,BEIGE,8,4288534
150,BEING,8,242783091
151,BELLE,7,5820002
152,BELLS,7,4743841
153,BELLY,10,7346354
154,BELOW,10,145701629
155,BELTS,7,5651790
156,BENCH,12,8992211
157,BENNY,10,2393928
158,BERRY,10,7551906
159,BETTY,10,6858121
160,BEZEL,16,1692595
161,BIBLE,9,45080741
162,BIKER,11,3530897
163,BIKES,11,10740880
164,BILLS,7,18248816
165,BILLY,10,13515249
166,BINDS,8,2193939
167,BINGO,8,9539002
168,BIRCH,12,2936180
169,BIRDS,8,19693729
170,BIRTH,10,36286070
171,BISON,7,2002028
172,BITCH,12,8302447
173,BITES,7,3086130
174,BLACK,13,244690155
175,BLADE,8,11527988
176,BLAME,9,8170544
177,BLAND,8,1606490
178,BLANK,11,18150537
179,BLAST,7,9387171
180,BLAZE,16,2448412
181,BLEED,8,1989071
182,BLEND,8,9680982
183,BLESS,7,5477461
184,BLIND,8,16485480
185,BLING,8,1627355
186,BLINK,11,5257629
187,BLISS,7,3708978
188,BLITZ,16,2476009
189,BLOCK,13,49694725
190,BLOGS,8,46978262
191,BLOND,8,5155053
192,BLOOD,8,61348302
193,BLOOM,9,5456938
194,BLOWN,10,4229918
195,BLOWS,10,2556663
196,BLUES,7,23387172
197,BLUFF,13,3906671
198,BLUNT,7,4129800
199,BLUSH,10,1722003
200,BOARD,8,212361059
201,BOATS,7,15600762
202,BOBBY,14,8964342
203,BOGUS,8,1903710
204,BOING,8,1870671
205,BOLTS,7,3682849
206,BOMBS,11,3999701
207,BONDS,8,15431252
208,BONES,7,7717501
209,BONUS,7,27819488
210,BOOBS,9,21461250
211,BOOKS,11,347710184
212,BOOST,7,13675076
213,BOOTH,10,7723310
214,BOOTS,7,18968708
215,BOOTY,10,14218854
216,BORED,8,5114852
217,BORNE,7,3379421
218,BOUND,8,22303643
219,BOWEL,10,2666510
220,BOWIE,10,3287191
221,BOWLS,10,4193933
222,BOXED,15,5778226
223,BOXER,14,3592432
224,BOXES,14,25787744
225,BRACE,9,2182960
226,BRAIN,7,33612784
227,BRAKE,11,9321885
228,BRAND,8,82807581
229,BRASS,7,14298573
230,BRAVE,10,5221356
231,BRAVO,10,2772503
232,BREAD,8,13575360
233,BREAK,11,51242970
234,BREED,8,7716901
235,BRENT,7,4683680
236,BRICK,13,8094369
237,BRIDE,8,8650665
238,BRIEF,10,32599674
239,BRING,8,57608074
240,BRINK,11,1484879
241,BROAD,8,21370126
242,BROCK,13,2441409
243,BROKE,11,10460811
244,BROOK,11,6044943
245,BROWN,10,64112042
246,BRUSH,10,10018684
247,BUCKS,13,6165133
248,BUDDY,12,23611087
249,BUFFY,16,4519674
250,BUGGY,12,1955438
251,BUILD,8,77203075
252,BUILT,7,61502894
253,BULBS,9,5028440
254,BULLS,7,3540837
255,BULLY,10,1532418
256,BUMPS,11,1501221
257,BUNCH,12,10355431
258,BUNNY,10,5730050
259,BURKE,11,5646090
260,BURNS,7,9460104
261,BURNT,7,3221640
262,BURST,7,5147573
263,BUSES,7,6101027
264,BUSTY,10,15705827
265,BUTTE,7,2505600
266,BUTTS,7,8968856
267,BUYER,10,42024703
268,BYTES,10,30848384
269,CABIN,9,8052267
270,CABLE,9,70082598
271,CACHE,12,17250923
272,CADET,8,1717624
273,CAFES,10,2730706
274,CAGES,8,1943021
275,CAJUN,14,2262690
276,CAKES,11,5565500
277,CALLS,7,43661633
278,CAMEL,9,11005001
279,CAMEO,9,1517437
280,CAMPS,11,11712039
281,CANAL,7,8278196
282,CANDY,11,13772033
283,CANOE,7,3790795
284,CANON,7,41144763
285,CAPRI,9,4902351
286,CARAT,7,3398374
287,CARBS,9,1715865
288,CARDS,8,121094522
289,CARED,8,2333049
290,CARES,7,4757269
291,CARGO,8,9748668
292,CAROL,7,11109404
293,CARRY,10,33056477
294,CARTE,7,2722336
295,CARTS,7,3559795
296,CASES,7,86255673
297,CASTS,7,1645690
298,CATCH,12,20400979
299,CATER,7,2092828
300,CAUSE,7,65904680
301,CAVES,10,2355316
302,CEASE,7,4081957
303,CEDAR,8,9484993
304,CELEB,9,4548138
305,CELLO,7,2358848
306,CELLS,7,44128080
307,CENTS,7,10301064
308,CHAIN,10,35928367
309,CHAIR,10,40764005
310,CHALK,14,2498505
311,CHAMP,14,2867858
312,CHANG,11,4168927
313,CHAOS,10,8690268
314,CHARM,12,10554644
315,CHARS,10,1627316
316,CHART,10,35027490
317,CHASE,10,10971945
318,CHATS,10,2666432
319,CHEAP,12,97049762
320,CHEAT,10,9903572
321,CHECK,16,244491090
322,CHEEK,14,2681029
323,CHEER,10,3648929
324,CHEFS,13,2252629
325,CHESS,10,8293823
326,CHEST,10,13516414
327,CHEVY,16,5729809
328,CHICK,16,7771502
329,CHICO,12,2212526
330,CHIEF,13,45699591
331,CHILD,11,119747393
332,CHILE,10,14372798
333,CHILI,10,4553187
334,CHILL,10,4489643
335,CHINA,10,124472054
336,CHING,11,1605671
337,CHIPS,12,13982676
338,CHOIR,10,5156247
339,CHOKE,14,1448146
340,CHORD,11,3123447
341,CHOSE,10,9409845
342,CHUCK,16,9574825
343,CHUNK,14,2371231
344,CIDER,8,1743446
345,CIGAR,8,3993843
346,CIRCA,9,3475462
347,CISCO,9,27894293
348,CITED,8,11195944
349,CITES,7,3151464
350,CIVIC,12,10283668
351,CIVIL,10,49495349
352,CLAIM,9,40085342
353,CLAMP,11,3639509
354,CLANS,7,1570521
355,CLASH,10,3531117
356,CLASS,7,191087771
357,CLEAN,7,45381752
358,CLEAR,7,88447610
359,CLERK,11,11923960
360,CLICK,13,536746424
361,CLIFF,13,5898886
362,CLIMB,11,5697476
363,CLINT,7,2481872
364,CLIPS,9,32846497
365,CLOAK,11,1450056
366,CLOCK,13,26624872
367,CLONE,7,9284578
368,CLOSE,7,107853068
369,CLOTH,10,9764137
370,CLOUD,8,11337220
371,CLOWN,10,3081501
372,CLUBS,9,34881779
373,CLUES,7,2988321
374,COACH,12,24514961
375,COAST,7,47716394
376,COATS,7,4107452
377,COBRA,9,4412823
378,COCKS,13,15043799
379,COCOA,9,3557169
380,COCOS,9,2354000
381,CODEC,10,3048388
382,CODED,9,4330278
383,CODES,8,34503537
384,COHEN,10,6665722
385,COILS,7,1503707
386,COINS,7,16449733
387,COLIN,7,8807299
388,COLON,7,5494297
389,COLOR,7,112965658
390,COLTS,7,2092808
391,COMBI,11,1465296
392,COMBO,11,10592758
393,COMBS,11,1515329
394,COMES,9,64256803
395,COMET,9,3116034
396,COMIC,11,16695850
397,COMMA,11,2711522
398,CONDO,8,6444848
399,CONES,7,1538688
400,CONGO,8,9310976
401,COOKS,11,2470395
402,CORAL,7,8818272
403,CORDS,8,2380982
404,CORES,7,1983675
405,COREY,10,2588392
406,CORPS,9,12150135
407,COSTA,7,23702154
408,COSTS,7,101090970
409,COUCH,12,4581367
410,COUGH,11,3451640
411,COULD,8,302311431
412,COUNT,7,40345803
413,COUPE,9,4874541
414,COURT,7,127719981
415,COVER,10,94501729
416,COWAN,10,1463253
417,CRACK,13,16633701
418,CRAFT,10,16528294
419,CRAIG,8,13480763
420,CRANE,7,4888961
421,CRANK,11,2185208
422,CRAPS,9,5943974
423,CRASH,10,15302627
424,CRATE,7,2336818
425,CRAWL,10,2859784
426,CRAZY,19,23032837
427,CREAM,9,25898758
428,CREED,8,3398609
429,CREEK,11,38159464
430,CREEP,9,1811981
431,CREME,9,1724183
432,CREST,7,5477034
433,CREWS,10,2986282
434,CRIBS,9,1423971
435,CRIED,8,4352198
436,CRIES,7,1878107
437,CRIME,9,40361756
438,CRISP,9,3880385
439,CROFT,10,1468213
440,CROPS,9,7931319
441,CROSS,7,74230978
442,CROWD,11,11409218
443,CROWN,10,16651038
444,CRUDE,8,5119129
445,CRUEL,7,4180956
446,CRUSH,10,3576348
447,CRUST,7,2267452
448,CRYPT,12,1904607
449,CUBES,9,1887321
450,CUBIC,11,5774261
451,CURED,8,1955657
452,CURES,7,1489176
453,CURLY,10,2231026
454,CURRY,10,4029540
455,CURSE,7,3982181
456,CURVE,10,11071177
457,CUTIE,7,3305791
458,CYBER,12,9289150
459,CYCLE,12,29585286
460,DADDY,11,9211193
461,DAILY,9,105837757
462,DAIRY,9,8781961
463,DAISY,9,5124326
464,DANCE,8,51147967
465,DANNY,9,7664864
466,DARTS,6,2290842
467,DATED,7,12707511
468,DATES,6,38442243
469,DATUM,8,2226219
470,DEALS,6,91189968
471,DEALT,6,6174968
472,DEATH,9,83216831
473,DEBIT,8,4633794
474,DEBTS,8,4259542
475,DEBUG,9,9581095
476,DEBUT,8,7220643
477,DECAL,8,2311933
478,DECAY,11,4956622
479,DECKS,12,4131188
480,DECOR,8,12098868
481,DEEDS,7,3636121
482,DEERE,6,2113985
483,DELAY,9,21911190
484,DELTA,6,28051872
485,DEMON,8,4602331
486,DEMOS,8,4984806
487,DENIM,8,4737554
488,DENIS,6,3155542
489,DENSE,6,5225392
490,DEPOT,8,9688338
491,DEPTH,11,31879926
492,DERBY,11,6319608
493,DESKS,10,3315227
494,DETER,6,1887521
495,DETOX,13,2297343
496,DEVEL,9,28152649
497,DEVIL,9,12869511
498,DEVON,9,6896016
499,DIANE,6,7081367
500,DIARY,9,14922472
501,DICKS,12,9280692
502,DIETS,6,4207940
503,DIFFS,12,5870429
504,DIGIT,7,6991045
505,DILDO,7,20789655
506,DINAR,6,3399128
507,DINER,6,2261961
508,DIODE,7,1897828
509,DIRTY,9,16101662
510,DISCO,8,7067687
511,DISCS,8,10404995
512,DISKS,10,6445126
513,DITCH,11,2373753
514,DIVER,9,2452406
515,DIXIE,13,2920964
516,DIZZY,27,1424316
517,DOCKS,12,1534076
518,DODGE,8,14768509
519,DOING,7,80821946
520,DOLCE,8,2283881
521,DOLLS,6,22065047
522,DOLLY,9,2266400
523,DONNA,6,8058734
524,DONOR,6,7096675
525,DOORS,6,20229491
526,DORIS,6,2132988
527,DOSES,6,4717242
528,DOUBT,8,20311261
529,DOUGH,10,3032657
530,DOVER,9,5683356
531,DOWNS,9,4578206
532,DOZEN,15,9776227
533,DRAFT,9,35033621
534,DRAIN,6,6411642
535,DRAKE,10,4373046
536,DRAMA,8,20939845
537,DRANK,10,1777243
538,DRAWN,9,14827380
539,DRAWS,9,5458448
540,DREAD,7,1649823
541,DREAM,8,33518573
542,DRESS,6,27318959
543,DRIED,7,6331606
544,DRIFT,9,3889505
545,DRILL,6,8248787
546,DRINK,10,29254937
547,DRIVE,9,107799371
548,DROPS,8,8187657
549,DROVE,9,5545848
550,DRUGS,7,38827156
551,DRUMS,8,8560748
552,DRUNK,10,10519219
553,DRYER,9,5592001
554,DUCKS,12,3618693
555,DUKES,10,1971678
556,DUMMY,13,3230609
557,DUNES,6,2088285
558,DUNNO,6,1917052
559,DUSTY,9,2339959
560,DUTCH,11,19000979
561,DUVET,9,1567578
562,DWARF,12,3072068
563,DWELL,9,2014411
564,DYING,10,9123557
565,EAGER,6,4175668
566,EAGLE,6,16785232
567,EARLY,8,100013194
568,EARNS,5,1661937
569,EARTH,8,61059905
570,EATEN,5,3412832
571,EATER,5,1702828
572,EBONY,10,14831025
573,EBOOK,11,9558308
574,EDGED,8,1568009
575,EDGES,7,7826115
576,EDITS,6,4631228
577,EIGHT,9,32567724
578,ELBOW,10,3484326
579,ELDER,6,7299470
580,ELECT,7,5748899
581,ELITE,5,12673836
582,EMACS,9,5697594
583,EMAIL,7,443949646
584,EMPTY,12,26206017
585,EMULE,7,1826567
586,ENDED,7,32588866
587,ENEMY,10,14084182
588,ENJOY,15,50141455
589,ENTER,5,119394206
590,ENTRY,8,80717798
591,ENVOY,11,1574245
592,EPOCH,12,1680235
593,EPOXY,17,1908076
594,EQUAL,14,34832354
595,EQUIP,16,4044391
596,ERASE,5,3086642
597,ERECT,7,2057313
598,ERICA,7,2307054
599,ERROR,5,89396475
600,ESSAY,8,11750312
601,ESTER,5,1581770
602,ETHER,8,1877315
603,EUROS,5,6533754
604,EVENT,8,125515260
605,EVERY,11,189325890
606,EVITE,8,4214149
607,EXACT,14,22304937
608,EXAMS,14,7364984
609,EXCEL,14,14133468
610,EXILE,12,2801261
611,EXIST,12,25349128
612,EXITS,12,1963047
613,EXPAT,14,2324561
614,EXTRA,12,59377307
615,EZINE,14,3149621
616,FABLE,10,1678751
617,FACED,11,9938155
618,FACES,10,15050854
619,FACTS,10,36041603
620,FADED,10,1899648
621,FAILS,8,12015364
622,FAINT,8,2565744
623,FAIRS,8,4091127
624,FAIRY,11,6435300
625,FAITH,11,35936559
626,FAKES,12,1833800
627,FALLS,8,33213513
628,FALSE,8,33476460
629,FANCY,13,8777135
630,FANNY,11,1516099
631,FARES,8,5093799
632,FARMS,10,9908537
633,FATAL,8,6779744
634,FATTY,11,5363547
635,FAULT,8,13112664
636,FAUNA,8,2298940
637,FAVOR,11,11867822
638,FAXES,15,3386604
639,FEARS,8,6244239
640,FEAST,8,4166016
641,FEDEX,16,4153858
642,FEEDS,9,31593736
643,FEELS,8,12212683
644,FEMME,12,2521124
645,FENCE,10,6796605
646,FERRY,11,9208954
647,FETAL,8,3127968
648,FETCH,13,2897593
649,FETUS,8,1744267
650,FEVER,11,8582665
651,FEWER,11,10792786
652,FIBER,10,15530318
653,FIBRE,10,5134463
654,FIELD,9,135289140
655,FIERY,11,1838655
656,FIFTH,14,16255266
657,FIFTY,14,8133138
658,FIGHT,12,30784313
659,FILED,9,30718907
660,FILES,8,125524478
661,FILLS,8,2630389
662,FILMS,10,35200065
663,FILTH,11,2077997
664,FINAL,8,97649084
665,FINCH,13,1816047
666,FINDS,9,16280898
667,FINED,9,1620321
668,FINER,8,1455912
669,FINES,8,3270544
670,FIRED,9,8031937
671,FIRES,8,6407259
672,FIRMS,10,25497302
673,FIRST,8,578161543
674,FITCH,13,1518593
675,FIXED,16,49215402
676,FIXES,15,7513516
677,FLAGS,9,14870655
678,FLAIR,8,1924190
679,FLAME,10,8527495
680,FLARE,8,2190533
681,FLASH,11,68391647
682,FLATS,8,4911343
683,FLAWS,11,2856172
684,FLEET,8,10364423
685,FLESH,11,6768724
686,FLICK,14,2226500
687,FLIES,8,4894680
688,FLINT,8,3230800
689,FLIRT,8,1817719
690,FLOAT,8,8808655
691,FLOCK,14,2585098
692,FLOOD,9,13979267
693,FLOOR,8,53759851
694,FLORA,8,4756211
695,FLOUR,8,5162842
696,FLOWN,11,1749635
697,FLOWS,11,10797166
698,FLUID,9,12943336
699,FLUSH,11,5625285
700,FLUTE,8,4090740
701,FLYER,11,5718564
702,FOCAL,10,5844761
703,FOCUS,10,65626732
704,FOLDS,9,2282227
705,FOLEY,11,2314106
706,FOLIO,8,1842202
707,FOLKS,12,13760930
708,FONTS,8,11884559
709,FOODS,9,21150689
710,FOOLS,8,3167945
711,FORCE,10,79199815
712,FOREX,15,3977390
713,FORGE,9,5226805
714,FORKS,12,3592612
715,FORMS,10,63561604
716,FORTE,8,1795408
717,FORTH,11,20149609
718,FORTY,11,7415064
719,FORUM,10,254478181
720,FOUND,9,232005894
721,FRAME,10,46079991
722,FRANC,10,4916960
723,FRANK,12,31392284
724,FRAUD,9,15378751
725,FREAK,12,3908219
726,FREED,9,2683280
727,FRESH,11,38781893
728,FRIED,9,4364192
729,FRIES,8,2119656
730,FRITZ,17,2309089
731,FROGS,9,2326307
732,FRONT,8,100886343
733,FROST,8,5940685
734,FRUIT,8,22767191
735,FUCKS,14,3058134
736,FUDGE,10,1969555
737,FUELS,8,4657731
738,FULLY,11,48616832
739,FUNDS,9,55721876
740,FUNGI,9,2000715
741,FUNKY,15,5587279
742,FUNNY,11,34281806
743,FURRY,11,1887389
744,FUZZY,29,5241931
745,GAINS,6,10137566
746,GAMER,8,3144985
747,GAMES,8,305930896
748,GAMMA,10,35426622
749,GANGS,7,1743105
750,GARTH,9,2176273
751,GASES,6,4277836
752,GATED,7,1426083
753,GATES,6,10734618
754,GATOR,6,1536519
755,GAUGE,7,9952466
756,GEARS,6,2626927
757,GEEKS,10,2710575
758,GENES,6,12396954
759,GENIE,6,1627726
760,GENOA,6,1548016
761,GENRE,6,22344091
762,GENUS,6,4275567
763,GHOST,9,14490042
764,GIANT,6,17098874
765,GIFTS,9,95412416
766,GIMME,10,1471759
767,GIRLS,6,132325396
768,GIVEN,9,125542966
769,GIVES,9,45649146
770,GLAND,7,2561362
771,GLARE,6,1567097
772,GLASS,6,63559754
773,GLAZE,15,1431525
774,GLIDE,7,1731344
775,GLOBE,8,14554904
776,GLORY,9,13158826
777,GLOSS,6,3426618
778,GLOVE,9,4714578
779,GNOME,8,12609820
780,GOALS,6,36766773
781,GOATS,6,2184919
782,GOING,7,155284081
783,GONNA,6,13542156
784,GOODS,7,52507183
785,GOOSE,6,3739382
786,GORGE,7,1950264
787,GOTTA,6,6870320
788,GOWNS,9,2217657
789,GRABS,8,1763328
790,GRACE,8,17642126
791,GRADE,7,54275130
792,GRAFT,9,1576259
793,GRAIN,6,10244623
794,GRAMS,8,5240826
795,GRAND,7,56599468
796,GRANT,6,47609624
797,GRAPE,8,3638159
798,GRAPH,11,15526746
799,GRASP,8,3270025
800,GRASS,6,12868953
801,GRAVE,9,6929008
802,GRAVY,12,1441099
803,GREAT,6,301487430
804,GREED,7,1997460
805,GREEK,10,25059132
806,GREEN,6,108287905
807,GREET,6,1784219
808,GRIDS,7,1562935
809,GRIEF,9,4552843
810,GRILL,6,10254124
811,GRIND,7,2482307
812,GRIPS,8,2629556
813,GROOM,8,2637912
814,GROSS,6,16440590
815,GROUP,8,321842984
816,GROVE,9,15189493
817,GROWN,9,13931521
818,GROWS,9,5899321
819,GUARD,7,21137924
820,GUESS,6,28743465
821,GUEST,6,55293215
822,GUIDE,7,213378807
823,GUILD,7,7923630
824,GUILT,6,3623942
825,GYPSY,14,2201227
826,HABIT,10,4880657
827,HACKS,14,3348166
828,HAIKU,12,1557648
829,HAIRY,11,19060619
830,HALLS,8,4607236
831,HANDS,9,49087727
832,HANDY,12,7936655
833,HANGS,9,2287111
834,HAPPY,15,63471922
835,HARDY,12,4748572
836,HARRY,11,33867934
837,HARSH,11,4087715
838,HATCH,13,3896261
839,HATED,9,3173792
840,HATES,8,2034161
841,HAUTE,8,1863024
842,HAVEN,11,10569212
843,HAVOC,13,1692191
844,HAWKS,15,3117529
845,HAZEL,17,2841268
846,HEADS,9,18400524
847,HEARD,9,45436523
848,HEARS,8,1737280
849,HEART,8,90249265
850,HEATH,11,6139151
851,HEAVY,14,37668153
852,HEDGE,10,4041429
853,HEELS,8,4907543
854,HEIRS,8,1489908
855,HELIX,15,2921411
856,HELLO,8,32960381
857,HELPS,10,29607993
858,HENCE,10,14992334
859,HENRY,11,28769085
860,HERBS,10,8271850
861,HERON,8,1576813
862,HERTZ,17,1752925
863,HICKS,14,2503430
864,HIDES,9,1700672
865,HIGHS,12,7468394
866,HIKES,12,1491709
867,HILLS,8,25770218
868,HINGE,9,1758893
869,HINTS,8,8393784
870,HIRED,9,6526426
871,HIRES,8,1845244
872,HITCH,13,2730000
873,HOBBY,15,8237250
874,HOGAN,9,2600534
875,HOLDS,9,18963546
876,HOLES,8,11529280
877,HOLLY,11,6834032
878,HOMER,10,4281428
879,HOMES,10,66753480
880,HOMME,12,1967874
881,HONDA,9,18261029
882,HONEY,11,9978043
883,HONOR,8,16787246
884,HOODS,9,2240850
885,HOOKS,12,4023408
886,HOOPS,10,2438525
887,HOPED,11,5086531
888,HOPES,10,9462715
889,HORDE,9,3026646
890,HORNS,8,2427037
891,HORNY,11,12363955
892,HORSE,8,58453720
893,HOSTS,8,12228736
894,HOTEL,8,297974790
895,HOUND,9,2228633
896,HOURS,8,198242904
897,HOUSE,8,231310420
898,HOVER,11,1553261
899,HUMAN,10,160573748
900,HUMOR,10,18085495
901,HUMPS,12,1492758
902,HUNKS,12,4776866
903,HURRY,11,3536968
904,HURST,8,1509915
905,HURTS,8,2956264
906,HUSKY,15,1606901
907,HYDRO,12,3725464
908,HYPER,13,3153749
909,ICONS,7,13649671
910,IDEAL,6,26036289
911,IDEAS,6,67309657
912,IDIOT,6,4635830
913,IMAGE,8,197874283
914,IMPLY,12,4491299
915,INBOX,14,5845223
916,INCUR,7,1984112
917,INDEX,13,242826246
918,INDIA,6,87391857
919,INDIE,6,7722085
920,INFOS,8,1980341
921,INFRA,8,1426499
922,INLET,5,3433125
923,INNER,5,17552078
924,INPUT,7,57191675
925,INTEL,5,28995654
926,INTER,5,15269346
927,INTRA,5,3081776
928,INTRO,5,11938092
929,IONIC,7,1808092
930,IRONS,5,3116159
931,IRONY,8,2212193
932,ISLES,5,3443470
933,ISSUE,5,128427156
934,ITEMS,7,330505325
935,IVORY,11,7146685
936,JACKS,18,2818856
937,JAMES,14,90535679
938,JAPAN,14,81110725
939,JEANS,12,11896655
940,JELLY,15,3698541
941,JENNY,15,6118544
942,JERRY,15,13908229
943,JESSE,12,6744751
944,JESUS,12,34929061
945,JEWEL,15,5603871
946,JIHAD,16,2048833
947,JIMMY,19,13030009
948,JOHNS,15,5610302
949,JOINS,12,5578553
950,JOINT,12,38827057
951,JOKER,16,1492319
952,JOKES,16,14622894
953,JOLLY,15,2522092
954,JONES,12,39297134
955,JUDGE,14,30905832
956,JUICE,14,10973425
957,JUICY,17,3778910
958,JUMBO,16,3237095
959,JUMPS,16,2793122
960,KAPPA,13,2793667
961,KARMA,11,6862407
962,KAYAK,16,2628993
963,KEEPS,11,13624468
964,KELLY,12,30510238
965,KERRY,12,14514771
966,KHAKI,16,1481504
967,KICKS,15,3792491
968,KILLS,9,6484339
969,KINDA,10,5660928
970,KINDS,10,34482138
971,KINGS,10,14914273
972,KINKY,16,3254161
973,KIOSK,13,1808146
974,KIRBY,14,2813914
975,KITTY,12,6414935
976,KNEES,9,4250743
977,KNIFE,12,11297715
978,KNOBS,11,2151258
979,KNOCK,15,5196013
980,KNOTS,9,2796342
981,KNOWN,12,86395556
982,KNOWS,12,24640096
983,KRAFT,12,2076875
984,KRONA,9,1585436
985,KUDOS,10,1589906
986,KYLIE,12,2415779
987,LABEL,7,41359857
988,LABOR,7,37866418
989,LACEY,10,1539328
990,LACKS,11,3296569
991,LADEN,6,5964620
992,LAKES,9,14947463
993,LAMPS,9,11000656
994,LANCE,7,5509634
995,LANDS,6,13891179
996,LANES,5,5489762
997,LAPSE,7,1459542
998,LARGE,6,165863763
999,LARGO,6,1814464
1000,LASER,5,34080740
1001,LASTS,5,2678667
1002,LATCH,10,1777882
1003,LATER,5,84857974
1004,LATEX,12,10502825
1005,LAUGH,9,9822471
1006,LAURA,5,13801282
1007,LAYER,8,26912270
1008,LAYUP,10,1695143
1009,LEACH,10,1516929
1010,LEADS,6,30507300
1011,LEAFS,8,1545582
1012,LEAKS,9,2214133
1013,LEARN,5,179428286
1014,LEASE,5,17180592
1015,LEAST,5,111229798
1016,LEAVE,8,70957750
1017,LEGAL,6,142048771
1018,LEMMA,9,4623172
1019,LEMON,7,9066930
1020,LEONE,5,6393163
1021,LESBO,7,2606338
1022,LEVEL,8,202563642
1023,LEVER,8,3566558
1024,LEVIN,8,2202321
1025,LEWIS,8,22640158
1026,LIENS,5,1947603
1027,LIFTS,8,4479565
1028,LIGHT,9,126699632
1029,LIKED,10,11282738
1030,LIKES,9,9727733
1031,LILAC,7,1738684
1032,LIMBS,9,1916350
1033,LIMIT,7,38290292
1034,LINED,6,5802278
1035,LINEN,5,4960413
1036,LINER,5,4486145
1037,LINES,5,76806341
1038,LINKS,9,339926541
1039,LINUX,12,90854231
1040,LIONS,5,6980244
1041,LIPID,8,2662396
1042,LISTS,5,58249254
1043,LITER,5,2768775
1044,LITRE,5,2195204
1045,LIVED,9,18050710
1046,LIVER,8,12139363
1047,LIVES,8,42750046
1048,LOADS,6,9175948
1049,LOANS,5,80821333
1050,LOBBY,12,6887477
1051,LOCAL,7,270742935
1052,LOCKS,11,6536771
1053,LOCUS,7,3009222
1054,LODGE,7,21541130
1055,LOGAN,6,5539308
1056,LOGIC,8,23989892
1057,LOGIN,6,144200144
1058,LOGON,6,2891286
1059,LOGOS,6,18366230
1060,LOHAN,8,3352800
1061,LOOKS,9,43897035
1062,LOOPS,7,5439483
1063,LOOSE,5,12556710
1064,LORDS,6,4862111
1065,LOSER,5,2529180
1066,LOSES,5,3942953
1067,LOTTO,5,3112797
1068,LOTUS,5,9759485
1069,LOUIS,5,38259201
1070,LOVED,9,19719299
1071,LOVER,8,9234545
1072,LOVES,8,12566621
1073,LOWER,8,72606927
1074,LOYAL,8,4498834
1075,LUCKY,14,14053901
1076,LUNAR,5,3611744
1077,LUNCH,10,20807419
1078,LUNGS,6,2828099
1079,LUPUS,7,1538621
1080,LYING,9,8260845
1081,LYMPH,15,1781845
1082,LYNCH,13,4920597
1083,LYRIC,10,6970278
1084,MACON,9,2437697
1085,MACRO,9,9885853
1086,MADAM,10,2023575
1087,MAFIA,10,2666020
1088,MAGIC,10,36676771
1089,MAILS,7,5397230
1090,MAINS,7,2652029
1091,MAIZE,16,2222076
1092,MAJOR,14,122592252
1093,MAKER,11,16635947
1094,MAKES,11,87829598
1095,MALES,7,8708016
1096,MALLS,7,4362513
1097,MAMBO,11,5164902
1098,MANGA,8,12774174
1099,MANGO,8,2171900
1100,MANIA,7,3688699
1101,MANIC,9,1448525
1102,MANOR,7,7084688
1103,MAPLE,9,9704551
1104,MARCH,12,158281269
1105,MARIA,7,14347893
1106,MARKS,11,19747824
1107,MARRY,10,4388137
1108,MARSH,10,5073104
1109,MASKS,11,4548281
1110,MASON,7,9461838
1111,MATCH,12,53532481
1112,MATER,7,1493901
1113,MATES,7,2878121
1114,MATHS,10,3231878
1115,MATTE,7,2909215
1116,MAVEN,10,1754819
1117,MAXIM,16,3820484
1118,MAYBE,12,51895609
1119,MAYOR,10,15030847
1120,MEALS,7,11515834
1121,MEANS,7,105946662
1122,MEANT,7,17832930
1123,MEATS,7,2168286
1124,MEDAL,8,7747036
1125,MEDIA,8,216432510
1126,MEETS,7,17760399
1127,MENUS,7,8283476
1128,MERCY,12,6831149
1129,MERGE,8,5961585
1130,MERIT,7,6450895
1131,MERRY,10,6367037
1132,MESSY,10,2833021
1133,METAL,7,56181783
1134,METER,7,22874915
1135,METRE,7,2350745
1136,METRO,7,18738665
1137,MICRO,9,22219932
1138,MIDST,8,3381410
1139,MIGHT,11,123196001
1140,MIKES,11,2933878
1141,MILES,7,100012522
1142,MILFS,10,18358745
1143,MILKY,14,1515925
1144,MILLS,7,11910667
1145,MINDS,8,9529696
1146,MINER,7,2264812
1147,MINES,7,5542234
1148,MINOR,7,29782623
1149,MINUS,7,7025364
1150,MISSY,10,1925451
1151,MISTY,10,2651773
1152,MITCH,12,2464162
1153,MIXED,15,25395056
1154,MIXER,14,5558245
1155,MIXES,14,3552046
1156,MODAL,8,1718570
1157,MODEL,8,161205740
1158,MODEM,10,15984492
1159,MODES,8,14131325
1160,MOIST,7,2140516
1161,MOLDS,8,1552621
1162,MOLLY,10,4328076
1163,MOMMA,11,1609120
1164,MOMMY,14,3025970
1165,MONDE,8,1721758
1166,MONDO,8,1664921
1167,MONEY,10,190205072
1168,MONKS,11,2103722
1169,MONTE,7,6411384
1170,MONTH,10,123027963
1171,MONTY,10,2730888
1172,MOODS,8,1437510
1173,MOODY,11,3776452
1174,MOOSE,7,3581329
1175,MORAL,7,13643598
1176,MORSE,7,2382036
1177,MOSES,7,5615802
1178,MOTEL,7,9170238
1179,MOTIF,10,2961524
1180,MOTOR,7,40615655
1181,MOTTO,7,1894147
1182,MOULD,8,1479845
1183,MOUND,8,2259654
1184,MOUNT,7,36648260
1185,MOUSE,7,33667003
1186,MOUTH,10,22880351
1187,MOVED,11,35713495
1188,MOVER,10,2309084
1189,MOVES,10,15789001
1190,MOVIE,10,158421100
1191,MOWER,10,1579636
1192,MUDDY,12,1860188
1193,MUMMY,14,1878933
1194,MUSIC,9,414028837
1195,MYTHS,13,4253827
1196,NAILS,5,6463889
1197,NAIVE,8,1848489
1198,NAKED,10,43110969
1199,NAMED,8,34099544
1200,NAMES,7,71918906
1201,NANCY,10,13381057
1202,NANNY,8,3025474
1203,NASAL,5,2536094
1204,NASTY,8,7434847
1205,NATAL,5,3010028
1206,NAVAL,8,8091649
1207,NAVEL,8,1503077
1208,NAZIS,14,1694605
1209,NEEDS,6,123595776
1210,NEEDY,9,1636137
1211,NEGRO,6,2489080
1212,NELLY,8,4686900
1213,NERVE,8,6567418
1214,NEVER,8,149556758
1215,NEWER,8,7122879
1216,NEWLY,11,21102330
1217,NEXUS,12,2728391
1218,NICHE,10,3999108
1219,NICHT,10,2762565
1220,NIFTY,11,1981740
1221,NIGER,6,5388602
1222,NIGHT,9,130531484
1223,NINJA,12,4439780
1224,NINTH,8,4390562
1225,NITRO,5,2533124
1226,NOBLE,7,12604679
1227,NODES,6,11208722
1228,NOISE,5,25171520
1229,NOISY,8,3722908
1230,NOMAD,8,1422041
1231,NORMA,7,1665222
1232,NORMS,7,3135997
1233,NORTH,8,217809513
1234,NOTCH,10,3302495
1235,NOTED,6,29754565
1236,NOTES,5,79958318
1237,NOVEL,8,21821189
1238,NUDES,6,3964133
1239,NURSE,5,16772151
1240,NYLON,8,10410171
1241,OASIS,5,9270498
1242,OBESE,7,1673406
1243,OCCUR,9,24679212
1244,OCEAN,7,31928741
1245,OCTET,7,2280607
1246,OFFER,11,126228968
1247,OFTEN,8,92551460
1248,OLDER,6,44222089
1249,OLIVE,8,9298184
1250,OMEGA,8,10289113
1251,ONION,5,6384730
1252,ONSET,5,3858839
1253,OPENS,7,14070477
1254,OPERA,7,18225169
1255,OPTED,8,1708067
1256,OPTIC,9,4558869
1257,ORBIT,7,5389062
1258,ORDER,6,336631187
1259,ORGAN,6,9077449
1260,ORTHO,8,2295530
1261,OSCAR,7,8285553
1262,OTHER,8,978481319
1263,OTTER,5,1662335
1264,OUGHT,9,7523238
1265,OUNCE,7,3268355
1266,OUTER,5,11245167
1267,OVENS,8,3443150
1268,OWING,9,2399321
1269,OWNED,9,35050234
1270,OWNER,8,58189056
1271,OXIDE,13,5321340
1272,OZONE,14,5865280
1273,PACED,10,2755521
1274,PACKS,13,11683277
1275,PADDY,12,1668962
1276,PAGAN,8,3805644
1277,PAGER,8,1942889
1278,PAGES,8,234001114
1279,PAINS,7,2717960
1280,PAINT,7,21926890
1281,PAIRS,7,9432115
1282,PALMS,9,3127466
1283,PANDA,8,3424825
1284,PANEL,7,53784382
1285,PANIC,9,6396440
1286,PANTS,7,16774383
1287,PANTY,10,3546636
1288,PAOLO,7,2174306
1289,PAPER,9,134939426
1290,PARIS,7,48831449
1291,PARKS,11,25974927
1292,PARSE,7,3698919
1293,PARTS,7,100637505
1294,PARTY,10,144707500
1295,PASTA,7,5855460
1296,PASTE,7,8913055
1297,PATCH,12,39999745
1298,PATHS,10,8806073
1299,PATIO,7,7627536
1300,PATTY,10,2339693
1301,PAUSE,7,4606318
1302,PAVED,11,1914582
1303,PAYER,10,1439009
1304,PEACE,9,47856201
1305,PEACH,12,3938068
1306,PEAKS,11,4011396
1307,PEARL,7,18707334
1308,PEDAL,8,3763705
1309,PEDRO,8,4247791
1310,PEERS,7,5188853
1311,PEGGY,12,3160922
1312,PENAL,7,1467202
1313,PENIS,7,18478169
1314,PENNY,10,7162062
1315,PEPSI,9,1933586
1316,PERRY,10,9785838
1317,PESOS,7,1676404
1318,PESTS,7,2136804
1319,PETER,7,59541743
1320,PETIT,7,2120813
1321,PETTY,10,3195594
1322,PHASE,10,40722940
1323,PHONE,10,256643812
1324,PHONO,10,1418855
1325,PHOTO,10,227125249
1326,PIANO,7,19419956
1327,PICKS,13,16627992
1328,PIECE,9,44298807
1329,PILES,7,1694029
1330,PILLS,7,13767091
1331,PILOT,7,21909830
1332,PINCH,12,2082769
1333,PINES,7,3062800
1334,PINOT,7,1481847
1335,PIPER,9,3346631
1336,PIPES,9,5966191
1337,PITCH,12,9800556
1338,PIVOT,10,1734444
1339,PIXEL,14,8813200
1340,PIZZA,25,14763787
1341,PLACE,9,220970235
1342,PLAID,8,1679093
1343,PLAIN,7,23747230
1344,PLANE,7,17799728
1345,PLANS,7,77295630
1346,PLANT,7,53247607
1347,PLATE,7,24275560
1348,PLAYA,10,3723548
1349,PLAYS,10,21753930
1350,PLAZA,16,14274314
1351,PLOTS,7,5466589
1352,PLUGS,8,4333394
1353,PLUMP,11,3386553
1354,PLUSH,10,4692870
1355,PLUTO,7,2466856
1356,POEMS,9,12662561
1357,POETS,7,4248574
1358,POINT,7,175527859
1359,POKER,11,129054826
1360,POLAR,7,7715471
1361,POLES,7,4074284
1362,POLLS,7,20694349
1363,POLLY,10,2268880
1364,PONDS,8,2882178
1365,POOLS,7,6977605
1366,POPPY,14,1805254
1367,PORCH,12,3420626
1368,PORNO,7,36925475
1369,PORTS,7,19171802
1370,POSED,8,3604888
1371,POSES,7,3280246
1372,POSTS,7,216822128
1373,POUCH,12,4023912
1374,POUND,8,13620117
1375,POWER,10,226596368
1376,PRATT,7,2503054
1377,PRESS,7,179652730
1378,PRICE,9,501651226
1379,PRIDE,8,14428078
1380,PRIMA,9,3131523
1381,PRIME,9,38308402
1382,PRINT,7,178250872
1383,PRIOR,7,62949059
1384,PRISM,9,2648058
1385,PRIZE,16,16204739
1386,PROBE,9,9643801
1387,PROMO,9,6616863
1388,PRONE,7,3001079
1389,PROOF,10,26305059
1390,PROPS,9,3032812
1391,PROSE,7,3085898
1392,PROTO,7,2240138
1393,PROUD,8,17167504
1394,PROVE,10,16046788
1395,PROXY,17,10773043
1396,PSALM,9,2220027
1397,PSYCH,15,1422877
1398,PUFFY,16,3488647
1399,PULLS,7,3846669
1400,PULSE,7,18893735
1401,PUMPS,11,9456489
1402,PUNCH,12,6872844
1403,PUPIL,9,4167137
1404,PUPPY,14,6662287
1405,PURSE,7,5488891
1406,PUSSY,10,59206591
1407,QUAKE,18,4544481
1408,QUARK,18,2286617
1409,QUART,14,2002127
1410,QUASI,14,2804115
1411,QUEEN,14,32366847
1412,QUEER,14,2717979
1413,QUERY,17,31284313
1414,QUEST,14,14258533
1415,QUEUE,14,7398569
1416,QUICK,20,85584600
1417,QUIET,14,16746894
1418,QUILT,14,5187075
1419,QUITE,14,58777731
1420,QUOTA,14,3245515
1421,QUOTE,14,139242226
1422,RABBI,9,3488700
1423,RACER,7,3625077
1424,RACES,7,9715279
1425,RACKS,11,7436380
1426,RADAR,6,14982375
1427,RADIO,6,113285624
1428,RAILS,5,4364886
1429,RAINS,5,2183544
1430,RAINY,8,2469088
1431,RAISE,5,21099943
1432,RALLY,8,9155530
1433,RALPH,10,12190683
1434,RAMPS,9,1651245
1435,RANCH,10,10539650
1436,RANDY,9,8110369
1437,RANGE,6,128314924
1438,RANKS,9,7222499
1439,RANTS,5,3561826
1440,RAPED,8,2040735
1441,RAPID,8,19070672
1442,RATED,6,59102029
1443,RATES,5,137089538
1444,RATIO,5,26457942
1445,RAVEN,8,4630541
1446,RAZOR,14,3451657
1447,REACH,10,35687918
1448,REACT,7,4126376
1449,READS,6,13174104
1450,READY,9,62667516
1451,REALM,7,6122762
1452,REBEL,7,6527810
1453,RECAP,9,2861982
1454,RECON,7,1955124
1455,REEFS,8,1553553
1456,REELS,5,2371017
1457,REFER,8,27099706
1458,REGAL,6,2236787
1459,REHAB,10,6460331
1460,REIGN,6,3505605
1461,REIKI,9,1962162
1462,RELAX,12,8856944
1463,RELAY,8,9275052
1464,REMIX,14,7132676
1465,RENAL,5,4494106
1466,RENEW,8,6561081
1467,RENTS,5,2094682
1468,REPAY,10,1746487
1469,REPLY,10,184777992
1470,RESET,5,10021033
1471,RESIN,5,4966700
1472,RESTS,5,2645136
1473,RETRO,5,8000179
1474,REUSE,5,3950428
1475,RHINO,8,2619135
1476,RHYME,13,1530733
1477,RIDER,6,8987802
1478,RIDES,6,6461201
1479,RIDGE,7,15993437
1480,RIFLE,8,5047417
1481,RIGHT,9,273620358
1482,RIGID,7,4240019
1483,RILEY,8,4443795
1484,RINGS,6,28827859
1485,RINSE,5,1885846
1486,RIOTS,5,1463036
1487,RISEN,5,2619862
1488,RISES,5,4124482
1489,RISKS,9,19205769
1490,RISKY,12,2412508
1491,RIVAL,8,4298220
1492,RIVER,8,78843808
1493,ROACH,10,3017586
1494,ROADS,6,15093621
1495,ROAST,5,3205415
1496,ROBES,7,1600721
1497,ROBIN,7,11423944
1498,ROBOT,7,12656312
1499,ROCKS,11,12427428
1500,ROCKY,14,10404321
1501,RODEO,6,3587192
1502,ROGER,6,15353411
1503,ROGUE,6,4576302
1504,ROLES,5,13171507
1505,ROLLS,5,9220414
1506,ROMAN,7,17431193
1507,ROMEO,7,4990395
1508,ROOFS,8,1553687
1509,ROOMS,7,65453403
1510,ROOTS,5,12609370
1511,ROPES,7,2384639
1512,ROSES,5,13584758
1513,ROTOR,5,2003039
1514,ROUGE,6,6084449
1515,ROUGH,9,11557184
1516,ROUND,6,61836702
1517,ROUTE,5,31439231
1518,ROVER,8,8537021
1519,ROWAN,8,2014844
1520,ROYAL,8,45407189
1521,RUBIN,7,1889443
1522,RUGBY,11,12992179
1523,RUINS,5,3159891
1524,RULED,6,5589851
1525,RULER,5,2615554
1526,RULES,5,97658641
1527,RUMOR,7,2455494
1528,RUPEE,7,2831536
1529,RURAL,5,30998929
1530,RUSTY,8,2780895
1531,SABLE,7,1501050
1532,SACKS,11,1808394
1533,SADLY,9,3905175
1534,SAFER,8,5085040
1535,SAILS,5,1601569
1536,SAINT,5,38929141
1537,SAKAI,9,2152556
1538,SALAD,6,8923706
1539,SALES,5,173244220
1540,SALLE,5,1426680
1541,SALLY,8,5933047
1542,SALON,5,10079006
1543,SALSA,5,4234056
1544,SALTS,5,2144773
1545,SAMBA,9,5838327
1546,SAMMY,12,2447628
1547,SANDS,6,4428127
1548,SANDY,9,9897487
1549,SANTO,5,1772980
1550,SASSY,8,1657970
1551,SATIN,5,6620674
1552,SAUCE,7,10968629
1553,SAUNA,5,4202256
1554,SAVED,9,19635976
1555,SAVER,8,10258158
1556,SAVES,8,6892635
1557,SAVVY,14,3140230
1558,SCALE,7,46307526
1559,SCAMS,9,2662588
1560,SCANS,7,3877627
1561,SCARE,7,2972708
1562,SCARF,10,3181107
1563,SCARS,7,1677547
1564,SCARY,10,5571680
1565,SCENE,7,29372413
1566,SCENT,7,3277212
1567,SCION,7,2245350
1568,SCOOP,9,5272369
1569,SCOPE,9,23349420
1570,SCORE,7,69315004
1571,SCOTS,7,1911314
1572,SCOUT,7,6176157
1573,SCRAP,9,3757085
1574,SCREW,10,8177263
1575,SCRUB,9,2360299
1576,SCUBA,9,6366349
1577,SEALS,5,4958012
1578,SEARS,5,4897480
1579,SEATS,5,17070818
1580,SEDAN,6,4769270
1581,SEEDS,6,11196921
1582,SEEKS,9,10174194
1583,SEEMS,7,55276661
1584,SEIZE,14,1908868
1585,SELLS,5,8827377
1586,SEMEN,7,1553302
1587,SENDS,6,7512707
1588,SENSE,5,52629633
1589,SERIF,8,2109334
1590,SERUM,7,5854942
1591,SERVE,8,36697856
1592,SERVO,8,1581719
1593,SETUP,7,23534848
1594,SEVEN,8,44224906
1595,SEWER,8,5008805
1596,SEXES,12,1608110
1597,SHACK,14,2739743
1598,SHADE,9,6996835
1599,SHADY,12,2059463
1600,SHAFT,11,6431372
1601,SHAKE,12,6839319
1602,SHALL,8,191963867
1603,SHALT,8,1854326
1604,SHAME,10,6785296
1605,SHAPE,10,25675227
1606,SHARE,8,119294241
1607,SHARK,12,5904454
1608,SHARP,10,24904199
1609,SHAVE,11,2580057
1610,SHAWN,11,4642740
1611,SHEAR,8,2886210
1612,SHEDS,9,1874143
1613,SHEEP,10,8962638
1614,SHEER,8,6684477
1615,SHEET,8,44295187
1616,SHELF,11,11287023
1617,SHELL,8,20599318
1618,SHIFT,11,19811555
1619,SHINE,8,5881862
1620,SHINY,11,3192674
1621,SHIPS,10,56365355
1622,SHIRE,8,2665081
1623,SHIRT,8,40501964
1624,SHOCK,14,14850388
1625,SHOES,8,80755612
1626,SHOOK,12,2917411
1627,SHOOT,8,12695618
1628,SHOPS,10,38241315
1629,SHORE,8,12568485
1630,SHORT,8,106755242
1631,SHOTS,8,19611119
1632,SHOUT,8,3965861
1633,SHOWN,11,68755779
1634,SHOWS,11,84804638
1635,SHRUB,10,1458217
1636,SIDED,7,4982500
1637,SIDES,6,17269191
1638,SIEGE,6,2518421
1639,SIGHT,9,13360499
1640,SIGMA,8,11864409
1641,SIGNS,6,31899467
1642,SILKY,12,1749406
1643,SILLY,8,6833654
1644,SILVA,8,3132617
1645,SINCE,7,214302926
1646,SINGS,6,2723225
1647,SINKS,9,3399604
1648,SINUS,5,1738565
1649,SITES,5,202755734
1650,SIXTH,15,9920054
1651,SIXTY,15,4851534
1652,SIZED,15,12775596
1653,SIZES,14,23751367
1654,SKATE,9,4932092
1655,SKIES,9,3796788
1656,SKILL,9,15835076
1657,SKINS,9,7370612
1658,SKIRT,9,9981485
1659,SKULL,9,4457991
1660,SLACK,11,1954286
1661,SLANG,6,1817718
1662,SLASH,8,2935535
1663,SLATE,5,3813904
1664,SLAVE,8,10692715
1665,SLEEK,9,2734565
1666,SLEEP,7,29491537
1667,SLEPT,7,2370802
1668,SLICE,7,4628779
1669,SLICK,11,2372634
1670,SLIDE,6,22339084
1671,SLING,6,1688770
1672,SLIPS,7,2587498
1673,SLOAN,5,2040295
1674,SLOPE,7,6469975
1675,SLOTS,5,12452126
1676,SLUTS,5,8430809
1677,SMACK,13,1451860
1678,SMALL,7,208371878
1679,SMART,7,36636558
1680,SMASH,10,3192001
1681,SMELL,7,6642666
1682,SMILE,7,13893537
1683,SMITH,10,63357901
1684,SMOKE,11,16567733
1685,SMOKY,14,1818184
1686,SNACK,11,3847152
1687,SNAIL,5,1580640
1688,SNAKE,9,7606395
1689,SNAPS,7,1512455
1690,SNEAK,9,2280877
1691,SNOOP,7,2787168
1692,SNORT,5,1522943
1693,SNOWY,11,1631719
1694,SOAPS,7,2347810
1695,SOBER,7,1672710
1696,SOCKS,11,8632058
1697,SOFAS,8,1871940
1698,SOILS,5,4789565
1699,SOLAR,5,20423792
1700,SOLID,6,37426444
1701,SOLVE,8,13452150
1702,SONGS,6,49272598
1703,SONIC,7,7298920
1704,SONNY,8,2004845
1705,SORRY,8,35595812
1706,SORTS,5,6005834
1707,SOULS,5,5416970
1708,SOUND,6,100010833
1709,SOUPS,7,2141445
1710,SOUTH,8,238581133
1711,SPACE,9,121505269
1712,SPADE,8,1567565
1713,SPAIN,7,51553238
1714,SPANK,11,5416004
1715,SPANS,7,1675632
1716,SPARE,7,10009522
1717,SPARK,11,4842423
1718,SPAWN,10,1908837
1719,SPEAK,11,31324712
1720,SPEAR,7,2942538
1721,SPECS,9,26029159
1722,SPEED,8,83135749
1723,SPELL,7,8506049
1724,SPEND,8,26713310
1725,SPENT,7,29719451
1726,SPERM,9,5944531
1727,SPICE,9,7120274
1728,SPICY,12,3170817
1729,SPIES,7,5756937
1730,SPIKE,11,4833410
1731,SPILL,7,3890646
1732,SPINE,7,5370074
1733,SPINS,7,1421064
1734,SPITE,7,4493143
1735,SPLIT,7,19998411
1736,SPOIL,7,1419320
1737,SPOKE,11,11577917
1738,SPOOL,7,1499516
1739,SPOON,7,4000406
1740,SPORT,7,62683851
1741,SPOTS,7,10109662
1742,SPRAY,10,15148133
1743,SPURS,7,2295629
1744,SQUAD,15,8744772
1745,SQUID,15,3828491
1746,STACK,11,11090579
1747,STAFF,11,151553180
1748,STAGE,6,52518330
1749,STAIN,5,3512824
1750,STAIR,5,2012524
1751,STAKE,9,5061965
1752,STALL,5,2114252
1753,STAMP,9,9760468
1754,STAND,6,46292709
1755,STARE,5,1925618
1756,STARK,9,3479265
1757,STARR,5,3240045
1758,STARS,5,58352743
1759,START,5,161913408
1760,STASH,8,1553737
1761,STATE,5,453104133
1762,STATS,5,33096627
1763,STAYS,8,5547528
1764,STEAK,9,4413680
1765,STEAL,5,6257493
1766,STEAM,7,11141309
1767,STEEL,5,49452604
1768,STEEP,7,3399504
1769,STEER,5,2159937
1770,STEIN,5,3893544
1771,STEMS,7,3336905
1772,STEPS,7,38254292
1773,STERN,5,4643592
1774,STICK,11,22399126
1775,STIFF,11,3492842
1776,STILL,5,190433487
1777,STING,6,2773263
1778,STOCK,11,176295589
1779,STOKE,9,2552684
1780,STOLE,5,2814273
1781,STONE,5,42494931
1782,STONY,8,1907651
1783,STOOD,6,11116275
1784,STOOL,5,3031945
1785,STOPS,7,9118589
1786,STORE,5,291308910
1787,STORM,7,22242164
1788,STORY,8,138433809
1789,STOUT,5,1939514
1790,STOVE,8,3914849
1791,STRAP,7,11414669
1792,STRAW,8,3958211
1793,STRAY,8,1807545
1794,STRIP,7,18711440
1795,STUCK,11,9120620
1796,STUDS,6,3215366
1797,STUDY,9,152978354
1798,STUFF,11,81444510
1799,STUNT,5,1754828
1800,STYLE,8,101024266
1801,SUCKS,11,7743126
1802,SUEDE,6,3941313
1803,SUGAR,6,22450333
1804,SUITE,5,44829675
1805,SUITS,5,7986526
1806,SUNNY,8,9497382
1807,SUPER,7,66703287
1808,SUPRA,7,4329457
1809,SURGE,6,5436623
1810,SUSHI,8,3488691
1811,SUTRA,5,1580071
1812,SWAMP,12,2575587
1813,SWEAR,8,3082372
1814,SWEAT,8,4551615
1815,SWEEP,10,3623863
1816,SWEET,8,32311923
1817,SWELL,8,2213445
1818,SWEPT,10,2612095
1819,SWIFT,11,5850031
1820,SWINE,8,1578713
1821,SWING,9,12734467
1822,SWISS,8,21324437
1823,SWORD,9,8835685
1824,SWORN,8,2332355
1825,SYNTH,11,1697095
1826,SYRUP,10,3108136
1827,TABLE,7,165341452
1828,TABOO,7,3079923
1829,TAILS,5,2287798
1830,TAKEN,9,87019836
1831,TAKES,9,57784233
1832,TALES,5,11222332
1833,TALKS,9,15484166
1834,TALLY,8,1812605
1835,TAMMY,12,2025634
1836,TANGO,6,2727306
1837,TANKS,9,8526525
1838,TAPED,8,1534342
1839,TAPES,7,9719559
1840,TAROT,5,3561389
1841,TASKS,9,20273373
1842,TASTE,5,17311343
1843,TASTY,8,3565676
1844,TAXED,13,1537786
1845,TAXES,12,33674672
1846,TAXIS,12,2034449
1847,TEACH,10,19079783
1848,TEAMS,7,34383288
1849,TEARS,5,9274206
1850,TEASE,5,2019275
1851,TECHS,10,1865665
1852,TEDDY,10,5602073
1853,TEENS,5,70859771
1854,TEETH,8,9769437
1855,TELLS,5,15534490
1856,TEMPO,9,3372997
1857,TEMPS,9,2309859
1858,TENDS,6,4861901
1859,TENOR,5,2361385
1860,TENSE,5,2320926
1861,TENTH,8,3317039
1862,TENTS,5,3850460
1863,TERMS,7,277705910
1864,TERRA,5,3747696
1865,TERRY,8,13981773
1866,TESTS,5,42336117
1867,TEXAS,12,129399241
1868,TEXTS,12,12095723
1869,THANK,12,63234550
1870,THANX,15,1979526
1871,THEFT,11,12744763
1872,THEIR,8,782849411
1873,THEME,10,37219937
1874,THERE,8,701170205
1875,THESE,8,541003982
1876,THETA,8,5070673
1877,THICK,14,14030556
1878,THIEF,11,2970770
1879,THIGH,12,2171107
1880,THING,9,97451660
1881,THINK,12,217856550
1882,THIRD,9,95489240
1883,THONG,9,7747699
1884,THORN,8,1421673
1885,THOSE,8,270014141
1886,THREE,8,223417394
1887,THREW,11,4410853
1888,THROW,11,15751985
1889,THUMB,12,7284386
1890,TIDAL,6,2268649
1891,TIDES,6,1884762
1892,TIGER,6,13763074
1893,TIGHT,9,17981854
1894,TILES,5,5251527
1895,TIMED,8,2978189
1896,TIMER,7,7488669
1897,TIMES,7,202950880
1898,TIRED,6,11158233
1899,TIRES,5,8007166
1900,TITAN,5,3974407
1901,TITLE,5,196676017
1902,TOAST,5,3262695
1903,TODAY,9,239271204
1904,TOKEN,9,5672353
1905,TOMMY,12,9327874
1906,TONER,5,10508427
1907,TONES,5,13373535
1908,TONGA,6,4813052
1909,TOOLS,5,185555874
1910,TOONS,5,3318074
1911,TOOTH,8,5551049
1912,TOPAZ,16,2348935
1913,TOPIC,9,149001702
1914,TORAH,8,2698722
1915,TORCH,10,3360286
1916,TORSO,5,1769562
1917,TOTAL,5,222649459
1918,TOUCH,10,36831035
1919,TOUGH,9,13560922
1920,TOURS,5,37957036
1921,TOWEL,8,4901668
1922,TOWER,8,20686918
1923,TOWNS,8,13337599
1924,TOXIC,14,9065369
1925,TOXIN,12,1495922
1926,TRACE,7,11697252
1927,TRACK,11,112385243
1928,TRACT,7,5897046
1929,TRADE,6,110086585
1930,TRAIL,5,23648838
1931,TRAIN,5,31816971
1932,TRAIT,5,1705417
1933,TRANS,5,14243681
1934,TRAPS,7,3628684
1935,TRASH,8,7092806
1936,TRAYS,8,2586701
1937,TREAD,6,1672572
1938,TREAT,5,19442315
1939,TREES,5,27378116
1940,TREND,6,15747018
1941,TRIAD,6,1519533
1942,TRIAL,5,56547673
1943,TRIBE,7,7890695
1944,TRICK,11,8208473
1945,TRIED,6,34201786
1946,TRIES,5,8236889
1947,TRIPS,7,17273017
1948,TROLL,5,2079165
1949,TROOP,7,2609404
1950,TROUT,5,5369048
1951,TRUCK,11,32136249
1952,TRULY,8,21693553
1953,TRUMP,9,2879094
1954,TRUNK,9,11020361
1955,TRUSS,5,1484384
1956,TRUST,5,55157142
1957,TRUTH,8,35345925
1958,TUBES,7,7413309
1959,TULIP,7,2406691
1960,TUMMY,12,1685130
1961,TUMOR,7,7430480
1962,TUNED,6,3761208
1963,TUNER,5,6238319
1964,TUNES,5,6610108
1965,TURBO,7,10058686
1966,TURKS,9,4986307
1967,TURNS,5,17261850
1968,TUTOR,5,4635949
1969,TWAIN,8,4530277
1970,TWEAK,12,1705761
1971,TWEED,9,1631867
1972,TWICE,10,19945569
1973,TWILL,8,1489583
1974,TWINK,12,2332335
1975,TWINS,8,7815027
1976,TWIST,8,7240854
1977,TYING,9,1898217
1978,TYLER,8,7474964
1979,TYPED,11,3681027
1980,TYPES,10,77070740
1981,TYRES,8,2510350
1982,ULTRA,5,21795075
1983,UNCLE,7,8127694
1984,UNCUT,7,3929056
1985,UNDER,6,313296421
1986,UNION,5,72603888
1987,UNITE,5,2888724
1988,UNITS,5,56512308
1989,UNITY,8,8657709
1990,UNTIL,5,113090086
1991,UPPER,9,38341510
1992,UPSET,7,5544484
1993,URBAN,7,38087999
1994,URGED,7,4685830
1995,URGES,6,3054809
1996,URINE,5,4903932
1997,USAGE,6,25440406
1998,USERS,5,149320234
1999,USHER,8,4948609
2000,USING,6,269448880
2001,USUAL,5,17044981
2002,UTTER,5,2096533
2003,VAGUE,9,2783775
2004,VALET,8,2052690
2005,VALID,9,57094711
2006,VALUE,8,182061247
2007,VALVE,11,11325360
2008,VAPOR,10,3744912
2009,VASES,8,1657182
2010,VAULT,8,5408483
2011,VEGAN,9,2642418
2012,VEGAS,9,44810653
2013,VEINS,8,2282346
2014,VENOM,10,1883158
2015,VENTS,8,1493908
2016,VENUE,8,14204074
2017,VENUS,8,4618752
2018,VERBS,10,1777489
2019,VERGE,9,1422550
2020,VERSE,8,7469512
2021,VESTS,8,2056167
2022,VIDEO,9,365410017
2023,VIEWS,11,77333335
2024,VILLA,8,17587586
2025,VINES,8,1952255
2026,VINYL,11,17009819
2027,VIOLA,8,2458792
2028,VIPER,10,2201559
2029,VIRAL,8,5969493
2030,VIRUS,8,36286003
2031,VISAS,8,2876354
2032,VISIT,8,187062316
2033,VISOR,8,1850201
2034,VISTA,8,13991160
2035,VITAE,8,1754634
2036,VITAL,8,14166642
2037,VITRO,8,5000420
2038,VIVID,12,4479514
2039,VOCAL,10,9082826
2040,VODKA,13,2155662
2041,VOGUE,9,2159792
2042,VOICE,10,64600528
2043,VOLTS,8,2454421
2044,VOTED,9,10746027
2045,VOTER,8,4905374
2046,VOTES,8,32059663
2047,WACKY,17,1861879
2048,WAFER,11,1554217
2049,WAGES,9,8737438
2050,WAGON,9,5198530
2051,WAIST,8,5013500
2052,WAITS,8,2362199
2053,WAIVE,11,1789027
2054,WALES,8,29821525
2055,WALKS,12,7744070
2056,WALLA,8,1535192
2057,WALLS,8,14837851
2058,WALLY,11,1459126
2059,WALTZ,17,1723021
2060,WANNA,8,10232302
2061,WANTS,8,32538214
2062,WARDS,9,1759766
2063,WAREZ,17,2375829
2064,WARNS,8,2775722
2065,WASTE,8,41089558
2066,WATCH,13,92006970
2067,WATER,8,215178488
2068,WATTS,8,7423674
2069,WAVES,11,11006010
2070,WEARS,8,2237421
2071,WEARY,11,1632945
2072,WEAVE,11,1965230
2073,WEBER,10,4692730
2074,WEDGE,10,3162851
2075,WEEDS,9,2634421
2076,WEEKS,12,73571749
2077,WEIGH,12,3587993
2078,WEIRD,9,11556427
2079,WELCH,13,3031408
2080,WELLS,8,14073676
2081,WELSH,11,7346867
2082,WHALE,11,5928569
2083,WHARF,14,2226856
2084,WHATS,11,6462263
2085,WHEAT,11,8685589
2086,WHEEL,11,25342937
2087,WHERE,11,360468339
2088,WHICH,16,810514085
2089,WHILE,11,226194991
2090,WHITE,11,209863729
2091,WHOLE,11,85202530
2092,WHORE,11,5199489
2093,WHOSE,11,43634263
2094,WIDER,9,8186703
2095,WIDOW,12,3804620
2096,WIDTH,12,25182453
2097,WIGAN,9,1670281
2098,WIGHT,12,2190271
2099,WILLS,8,4376548
2100,WILLY,11,2273954
2101,WINDS,9,12628386
2102,WINDY,12,2162674
2103,WINES,8,8939582
2104,WINGS,9,16044458
2105,WIPED,11,1491628
2106,WIRED,9,8371548
2107,WIRES,8,5401677
2108,WITCH,13,6671560
2109,WITTY,11,1753886
2110,WIVES,11,6031432
2111,WOMAN,10,70613606
2112,WOMEN,10,242520455
2113,WOODS,9,14647735
2114,WOODY,12,4355633
2115,WORDS,9,90910143
2116,WORKS,12,98581698
2117,WORLD,9,431934249
2118,WORMS,10,4027528
2119,WORRY,11,13243591
2120,WORSE,8,15677739
2121,WORST,8,16975343
2122,WORTH,11,48075237
2123,WOULD,9,572644147
2124,WOUND,9,5820050
2125,WOVEN,11,4248524
2126,WRAPS,10,2781569
2127,WRATH,11,2486700
2128,WRECK,14,2447935
2129,WRIST,8,6143580
2130,WRITE,8,126645151
2131,WRONG,9,49156828
2132,WROTE,8,56421594
2133,XEROX,19,6022102
2134,YACHT,13,5932756
2135,YAHOO,11,155733641
2136,YARDS,9,14733347
2137,YATES,8,1980900
2138,YEARS,8,337841309
2139,YEAST,8,6083904
2140,YIELD,9,15022494
2141,YOUNG,9,136341684
2142,YOURS,8,20672809
2143,YOUTH,11,51426255
2144,YUMMY,15,1609762
2145,ZAIRE,14,2154891
2146,ZEBRA,16,2902469
2147,ZONES,14,9719114
